Index,Country Code,Series Code,Year,Value
1,AFG,SG.GEN.PARL.ZS,2021,27.0161290322581
2,ALB,SG.GEN.PARL.ZS,2021,35.7142857142857
3,DZA,SG.GEN.PARL.ZS,2021,8.10810810810811
4,AND,SG.GEN.PARL.ZS,2021,46.4285714285714
5,AGO,SG.GEN.PARL.ZS,2021,29.5454545454545
6,ATG,SG.GEN.PARL.ZS,2021,11.1111111111111
7,ARG,SG.GEN.PARL.ZS,2021,44.7470817120623
8,ARM,SG.GEN.PARL.ZS,2021,33.6448598130841
9,AUS,SG.GEN.PARL.ZS,2021,31.1258278145695
10,AUT,SG.GEN.PARL.ZS,2021,40.4371584699454
11,AZE,SG.GEN.PARL.ZS,2021,18.1818181818182
12,BHS,SG.GEN.PARL.ZS,2021,17.9487179487179
13,BHR,SG.GEN.PARL.ZS,2021,15.0
14,BGD,SG.GEN.PARL.ZS,2021,20.8571428571429
15,BRB,SG.GEN.PARL.ZS,2021,20.0
16,BLR,SG.GEN.PARL.ZS,2021,40.0
17,BEL,SG.GEN.PARL.ZS,2021,42.0
18,BLZ,SG.GEN.PARL.ZS,2021,12.5
19,BEN,SG.GEN.PARL.ZS,2021,8.43373493975904
20,BTN,SG.GEN.PARL.ZS,2021,17.0212765957447
21,BOL,SG.GEN.PARL.ZS,2021,46.1538461538462
22,BIH,SG.GEN.PARL.ZS,2021,26.1904761904762
23,BWA,SG.GEN.PARL.ZS,2021,10.7692307692308
24,BRA,SG.GEN.PARL.ZS,2021,15.2046783625731
25,BRN,SG.GEN.PARL.ZS,2021,9.09090909090909
26,BGR,SG.GEN.PARL.ZS,2021,23.75
27,BFA,SG.GEN.PARL.ZS,2021,6.2992125984252
28,BDI,SG.GEN.PARL.ZS,2021,38.2113821138211
29,CPV,SG.GEN.PARL.ZS,2021,38.8888888888889
30,KHM,SG.GEN.PARL.ZS,2021,21.6
31,CMR,SG.GEN.PARL.ZS,2021,33.8888888888889
32,CAN,SG.GEN.PARL.ZS,2021,30.4733727810651
33,CAF,SG.GEN.PARL.ZS,2021,12.8571428571429
34,TCD,SG.GEN.PARL.ZS,2021,32.258064516129
35,CHL,SG.GEN.PARL.ZS,2021,35.4838709677419
36,CHN,SG.GEN.PARL.ZS,2021,24.9411764705882
37,COL,SG.GEN.PARL.ZS,2021,18.8235294117647
38,COM,SG.GEN.PARL.ZS,2021,16.6666666666667
39,COD,SG.GEN.PARL.ZS,2021,12.8
40,COG,SG.GEN.PARL.ZS,2021,11.2582781456954
41,CRI,SG.GEN.PARL.ZS,2021,45.6140350877193
42,CIV,SG.GEN.PARL.ZS,2021,14.1732283464567
43,HRV,SG.GEN.PARL.ZS,2021,31.1258278145695
44,CUB,SG.GEN.PARL.ZS,2021,53.4129692832764
45,CYP,SG.GEN.PARL.ZS,2021,14.2857142857143
46,CZE,SG.GEN.PARL.ZS,2021,25.0
47,DNK,SG.GEN.PARL.ZS,2021,39.6648044692737
48,DJI,SG.GEN.PARL.ZS,2021,26.1538461538462
49,DMA,SG.GEN.PARL.ZS,2021,34.375
50,DOM,SG.GEN.PARL.ZS,2021,27.8947368421053
51,ECU,SG.GEN.PARL.ZS,2021,39.4160583941606
52,EGY,SG.GEN.PARL.ZS,2021,27.7027027027027
53,SLV,SG.GEN.PARL.ZS,2021,27.3809523809524
54,GNQ,SG.GEN.PARL.ZS,2021,23.0
55,EST,SG.GEN.PARL.ZS,2021,25.7425742574257
56,SWZ,SG.GEN.PARL.ZS,2021,9.58904109589041
57,ETH,SG.GEN.PARL.ZS,2021,42.5882352941177
58,FJI,SG.GEN.PARL.ZS,2021,21.5686274509804
59,FIN,SG.GEN.PARL.ZS,2021,46.0
60,FRA,SG.GEN.PARL.ZS,2021,39.5147313691508
61,GAB,SG.GEN.PARL.ZS,2021,16.1971830985916
62,GMB,SG.GEN.PARL.ZS,2021,8.62068965517241
63,GEO,SG.GEN.PARL.ZS,2021,19.3333333333333
64,DEU,SG.GEN.PARL.ZS,2021,34.9184782608696
65,GHA,SG.GEN.PARL.ZS,2021,14.5454545454545
66,GRC,SG.GEN.PARL.ZS,2021,21.6666666666667
67,GRD,SG.GEN.PARL.ZS,2021,46.6666666666667
68,GTM,SG.GEN.PARL.ZS,2021,19.375
69,GNB,SG.GEN.PARL.ZS,2021,13.7254901960784
70,GUY,SG.GEN.PARL.ZS,2021,35.7142857142857
71,HND,SG.GEN.PARL.ZS,2021,27.34375
72,HUN,SG.GEN.PARL.ZS,2021,13.0653266331658
73,ISL,SG.GEN.PARL.ZS,2021,47.6190476190476
74,IND,SG.GEN.PARL.ZS,2021,14.4444444444444
75,IDN,SG.GEN.PARL.ZS,2021,21.0434782608696
76,IRN,SG.GEN.PARL.ZS,2021,5.59440559440559
77,IRQ,SG.GEN.PARL.ZS,2021,28.8753799392097
78,IRL,SG.GEN.PARL.ZS,2021,22.5
79,ISR,SG.GEN.PARL.ZS,2021,28.3333333333333
80,ITA,SG.GEN.PARL.ZS,2021,35.7142857142857
81,JAM,SG.GEN.PARL.ZS,2021,28.5714285714286
82,JPN,SG.GEN.PARL.ZS,2021,9.67741935483871
83,JOR,SG.GEN.PARL.ZS,2021,11.5384615384615
84,KAZ,SG.GEN.PARL.ZS,2021,27.1028037383178
85,KEN,SG.GEN.PARL.ZS,2021,21.6138328530259
86,KIR,SG.GEN.PARL.ZS,2021,6.66666666666667
87,PRK,SG.GEN.PARL.ZS,2021,17.6128093158661
88,KOR,SG.GEN.PARL.ZS,2021,19.0
89,KWT,SG.GEN.PARL.ZS,2021,1.53846153846154
90,KGZ,SG.GEN.PARL.ZS,2021,20.4545454545455
91,LAO,SG.GEN.PARL.ZS,2021,21.9512195121951
92,LVA,SG.GEN.PARL.ZS,2021,29.0
93,LBN,SG.GEN.PARL.ZS,2021,4.6875
94,LSO,SG.GEN.PARL.ZS,2021,23.3333333333333
95,LBR,SG.GEN.PARL.ZS,2021,10.958904109589
96,LBY,SG.GEN.PARL.ZS,2021,15.9574468085106
97,LIE,SG.GEN.PARL.ZS,2021,28.0
98,LTU,SG.GEN.PARL.ZS,2021,27.6595744680851
99,LUX,SG.GEN.PARL.ZS,2021,35.0
100,MDG,SG.GEN.PARL.ZS,2021,17.8807947019868
101,MWI,SG.GEN.PARL.ZS,2021,22.9166666666667
102,MYS,SG.GEN.PARL.ZS,2021,14.8648648648649
103,MDV,SG.GEN.PARL.ZS,2021,4.59770114942529
104,MLI,SG.GEN.PARL.ZS,2021,27.2727272727273
105,MLT,SG.GEN.PARL.ZS,2021,13.4328358208955
106,MHL,SG.GEN.PARL.ZS,2021,6.06060606060606
107,MRT,SG.GEN.PARL.ZS,2021,20.2614379084967
108,MUS,SG.GEN.PARL.ZS,2021,20.0
109,MEX,SG.GEN.PARL.ZS,2021,50.0
110,FSM,SG.GEN.PARL.ZS,2021,7.14285714285714
111,MDA,SG.GEN.PARL.ZS,2021,39.6039603960396
112,MCO,SG.GEN.PARL.ZS,2021,33.3333333333333
113,MNG,SG.GEN.PARL.ZS,2021,17.1052631578947
114,MNE,SG.GEN.PARL.ZS,2021,24.6913580246914
115,MAR,SG.GEN.PARL.ZS,2021,22.7848101265823
116,MOZ,SG.GEN.PARL.ZS,2021,42.4
117,MMR,SG.GEN.PARL.ZS,2021,15.2941176470588
118,NAM,SG.GEN.PARL.ZS,2021,44.2307692307692
119,NRU,SG.GEN.PARL.ZS,2021,10.5263157894737
120,NPL,SG.GEN.PARL.ZS,2021,32.7272727272727
121,NLD,SG.GEN.PARL.ZS,2021,39.3333333333333
122,NZL,SG.GEN.PARL.ZS,2021,49.1666666666667
123,NIC,SG.GEN.PARL.ZS,2021,50.5494505494505
124,NER,SG.GEN.PARL.ZS,2021,25.9036144578313
125,NGA,SG.GEN.PARL.ZS,2021,3.61111111111111
126,MKD,SG.GEN.PARL.ZS,2021,41.6666666666667
127,NOR,SG.GEN.PARL.ZS,2021,44.9704142011834
128,OMN,SG.GEN.PARL.ZS,2021,2.32558139534884
129,PAK,SG.GEN.PARL.ZS,2021,20.1754385964912
130,PLW,SG.GEN.PARL.ZS,2021,6.25
131,PAN,SG.GEN.PARL.ZS,2021,22.5352112676056
132,PNG,SG.GEN.PARL.ZS,2021,0.0
133,PRY,SG.GEN.PARL.ZS,2021,16.25
134,PER,SG.GEN.PARL.ZS,2021,40.0
135,PHL,SG.GEN.PARL.ZS,2021,27.9605263157895
136,POL,SG.GEN.PARL.ZS,2021,28.322440087146
137,PRT,SG.GEN.PARL.ZS,2021,40.0
138,QAT,SG.GEN.PARL.ZS,2021,4.44444444444444
139,ROU,SG.GEN.PARL.ZS,2021,18.5410334346505
140,RUS,SG.GEN.PARL.ZS,2021,16.2222222222222
141,RWA,SG.GEN.PARL.ZS,2021,61.25
142,WSM,SG.GEN.PARL.ZS,2021,7.84313725490196
143,SMR,SG.GEN.PARL.ZS,2021,33.3333333333333
144,STP,SG.GEN.PARL.ZS,2021,23.6363636363636
145,SAU,SG.GEN.PARL.ZS,2021,19.8675496688742
146,SEN,SG.GEN.PARL.ZS,2021,43.030303030303
147,SRB,SG.GEN.PARL.ZS,2021,39.2
148,SYC,SG.GEN.PARL.ZS,2021,22.8571428571429
149,SLE,SG.GEN.PARL.ZS,2021,12.3287671232877
150,SGP,SG.GEN.PARL.ZS,2021,29.8076923076923
151,SVK,SG.GEN.PARL.ZS,2021,22.6666666666667
152,SVN,SG.GEN.PARL.ZS,2021,26.6666666666667
153,SLB,SG.GEN.PARL.ZS,2021,8.0
154,SOM,SG.GEN.PARL.ZS,2021,24.3636363636364
155,ZAF,SG.GEN.PARL.ZS,2021,46.5822784810127
156,SSD,SG.GEN.PARL.ZS,2021,32.3636363636364
157,ESP,SG.GEN.PARL.ZS,2021,43.4285714285714
158,LKA,SG.GEN.PARL.ZS,2021,5.38116591928251
159,KNA,SG.GEN.PARL.ZS,2021,25.0
160,LCA,SG.GEN.PARL.ZS,2021,11.1111111111111
161,VCT,SG.GEN.PARL.ZS,2021,18.1818181818182
162,SUR,SG.GEN.PARL.ZS,2021,29.4117647058824
163,SWE,SG.GEN.PARL.ZS,2021,46.9914040114613
164,CHE,SG.GEN.PARL.ZS,2021,42.5
165,SYR,SG.GEN.PARL.ZS,2021,11.2
166,TJK,SG.GEN.PARL.ZS,2021,23.8095238095238
167,TZA,SG.GEN.PARL.ZS,2021,36.8556701030928
168,THA,SG.GEN.PARL.ZS,2021,15.7464212678937
169,TLS,SG.GEN.PARL.ZS,2021,38.4615384615385
170,TGO,SG.GEN.PARL.ZS,2021,18.6813186813187
171,TON,SG.GEN.PARL.ZS,2021,0.0
172,TTO,SG.GEN.PARL.ZS,2021,26.1904761904762
173,TUN,SG.GEN.PARL.ZS,2021,26.2672811059908
174,TUR,SG.GEN.PARL.ZS,2021,17.3333333333333
175,TKM,SG.GEN.PARL.ZS,2021,25.0
176,TUV,SG.GEN.PARL.ZS,2021,6.25
177,UGA,SG.GEN.PARL.ZS,2021,33.8129496402878
178,UKR,SG.GEN.PARL.ZS,2021,20.8037825059102
179,ARE,SG.GEN.PARL.ZS,2021,50.0
180,GBR,SG.GEN.PARL.ZS,2021,34.2592592592593
181,USA,SG.GEN.PARL.ZS,2021,27.6497695852535
182,URY,SG.GEN.PARL.ZS,2021,24.2424242424242
183,UZB,SG.GEN.PARL.ZS,2021,32.6530612244898
184,VUT,SG.GEN.PARL.ZS,2021,0.0
185,VEN,SG.GEN.PARL.ZS,2021,22.1556886227545
186,VNM,SG.GEN.PARL.ZS,2021,30.2605210420842
187,YEM,SG.GEN.PARL.ZS,2021,0.0
188,ZMB,SG.GEN.PARL.ZS,2021,15.0602409638554
189,ZWE,SG.GEN.PARL.ZS,2021,31.8518518518519
190,AFE,SG.GEN.PARL.ZS,2021,30.47478836952522
191,AFW,SG.GEN.PARL.ZS,2021,17.824377457404978
192,ARB,SG.GEN.PARL.ZS,2021,18.22454308093995
193,CSS,SG.GEN.PARL.ZS,2021,25.364431486880466
194,CEB,SG.GEN.PARL.ZS,2021,24.212962962962973
195,EAR,SG.GEN.PARL.ZS,2021,24.27935943060498
196,EAS,SG.GEN.PARL.ZS,2021,21.38448505385453
197,EAP,SG.GEN.PARL.ZS,2021,21.573352232459246
198,TEA,SG.GEN.PARL.ZS,2021,21.92722161486802
199,EMU,SG.GEN.PARL.ZS,2021,34.48275862068966
200,ECS,SG.GEN.PARL.ZS,2021,31.133718265970128
201,ECA,SG.GEN.PARL.ZS,2021,26.423936553713048
202,TEC,SG.GEN.PARL.ZS,2021,25.00567794685442
203,EUU,SG.GEN.PARL.ZS,2021,32.72143184947224
204,FCS,SG.GEN.PARL.ZS,2021,21.565975353171034
205,HPC,SG.GEN.PARL.ZS,2021,26.452648475120398
206,HIC,SG.GEN.PARL.ZS,2021,30.0194586944985
207,IBD,SG.GEN.PARL.ZS,2021,24.91612748622094
208,IBT,SG.GEN.PARL.ZS,2021,24.019312009656005
209,IDB,SG.GEN.PARL.ZS,2021,20.649850363403168
210,IDX,SG.GEN.PARL.ZS,2021,23.243598161523312
211,IDA,SG.GEN.PARL.ZS,2021,22.714995207806925
212,LTE,SG.GEN.PARL.ZS,2021,22.991508817766164
213,LCN,SG.GEN.PARL.ZS,2021,34.408861064290875
214,LAC,SG.GEN.PARL.ZS,2021,36.04178757980267
215,TLA,SG.GEN.PARL.ZS,2021,31.434240362811796
216,LDC,SG.GEN.PARL.ZS,2021,25.30199579831934
217,LMY,SG.GEN.PARL.ZS,2021,24.528162511542014
218,LIC,SG.GEN.PARL.ZS,2021,24.07145383799082
219,LMC,SG.GEN.PARL.ZS,2021,22.275293095961786
220,MEA,SG.GEN.PARL.ZS,2021,17.008569202804466
221,MNA,SG.GEN.PARL.ZS,2021,17.021933889403766
222,TMN,SG.GEN.PARL.ZS,2021,17.02193388940377
223,MIC,SG.GEN.PARL.ZS,2021,24.64870921058774
224,NAC,SG.GEN.PARL.ZS,2021,28.88601036269433
225,OED,SG.GEN.PARL.ZS,2021,32.42340926944227
226,OSS,SG.GEN.PARL.ZS,2021,22.851919561243143
227,PSS,SG.GEN.PARL.ZS,2021,7.7747989276139435
228,PST,SG.GEN.PARL.ZS,2021,33.51931330472104
229,PRE,SG.GEN.PARL.ZS,2021,24.08233769972651
230,SST,SG.GEN.PARL.ZS,2021,20.22099447513812
231,SAS,SG.GEN.PARL.ZS,2021,18.98674242424242
232,TSA,SG.GEN.PARL.ZS,2021,18.98674242424242
233,SSF,SG.GEN.PARL.ZS,2021,25.925053028517567
234,SSA,SG.GEN.PARL.ZS,2021,25.9377588451071
235,TSS,SG.GEN.PARL.ZS,2021,25.925053028517567
236,UMC,SG.GEN.PARL.ZS,2021,26.43951183553116
237,WLD,SG.GEN.PARL.ZS,2021,26.12846321469337
238,AUS,SG.TIM.UWRK.FE,2021,17.11944
239,COL,SG.TIM.UWRK.FE,2021,17.64085
240,FIN,SG.TIM.UWRK.FE,2021,14.05637
241,GEO,SG.TIM.UWRK.FE,2021,17.78896
242,JPN,SG.TIM.UWRK.FE,2021,14.70833
243,USA,SG.TIM.UWRK.FE,2021,15.54167
244,AUS,SG.TIM.UWRK.MA,2021,11.71111
245,COL,SG.TIM.UWRK.MA,2021,5.23624
246,FIN,SG.TIM.UWRK.MA,2021,10.74958
247,GEO,SG.TIM.UWRK.MA,2021,3.7089
248,JPN,SG.TIM.UWRK.MA,2021,3.75
249,USA,SG.TIM.UWRK.MA,2021,10.125
250,AFG,SG.LAW.INDX,2021,38.125
251,ALB,SG.LAW.INDX,2021,91.25
252,DZA,SG.LAW.INDX,2021,57.5
253,AGO,SG.LAW.INDX,2021,79.375
254,ATG,SG.LAW.INDX,2021,66.25
255,ARG,SG.LAW.INDX,2021,79.375
256,ARM,SG.LAW.INDX,2021,87.5
257,AUS,SG.LAW.INDX,2021,96.875
258,AUT,SG.LAW.INDX,2021,96.875
259,AZE,SG.LAW.INDX,2021,78.75
260,BHS,SG.LAW.INDX,2021,81.25
261,BHR,SG.LAW.INDX,2021,65.0
262,BGD,SG.LAW.INDX,2021,49.375
263,BRB,SG.LAW.INDX,2021,80.0
264,BLR,SG.LAW.INDX,2021,75.625
265,BEL,SG.LAW.INDX,2021,100.0
266,BLZ,SG.LAW.INDX,2021,79.375
267,BEN,SG.LAW.INDX,2021,80.625
268,BTN,SG.LAW.INDX,2021,75.0
269,BOL,SG.LAW.INDX,2021,88.75
270,BIH,SG.LAW.INDX,2021,85.0
271,BWA,SG.LAW.INDX,2021,63.75
272,BRA,SG.LAW.INDX,2021,85.0
273,BRN,SG.LAW.INDX,2021,53.125
274,BGR,SG.LAW.INDX,2021,90.625
275,BFA,SG.LAW.INDX,2021,82.5
276,BDI,SG.LAW.INDX,2021,76.25
277,CPV,SG.LAW.INDX,2021,86.25
278,KHM,SG.LAW.INDX,2021,81.25
279,CMR,SG.LAW.INDX,2021,60.0
280,CAN,SG.LAW.INDX,2021,100.0
281,CAF,SG.LAW.INDX,2021,77.5
282,TCD,SG.LAW.INDX,2021,66.25
283,CHL,SG.LAW.INDX,2021,80.0
284,CHN,SG.LAW.INDX,2021,75.625
285,COL,SG.LAW.INDX,2021,84.375
286,COM,SG.LAW.INDX,2021,65.0
287,COD,SG.LAW.INDX,2021,78.75
288,COG,SG.LAW.INDX,2021,49.375
289,CRI,SG.LAW.INDX,2021,86.25
290,CIV,SG.LAW.INDX,2021,83.125
291,HRV,SG.LAW.INDX,2021,93.75
292,CYP,SG.LAW.INDX,2021,94.375
293,CZE,SG.LAW.INDX,2021,93.75
294,DNK,SG.LAW.INDX,2021,100.0
295,DJI,SG.LAW.INDX,2021,71.25
296,DMA,SG.LAW.INDX,2021,62.5
297,DOM,SG.LAW.INDX,2021,86.25
298,ECU,SG.LAW.INDX,2021,89.375
299,EGY,SG.LAW.INDX,2021,50.625
300,SLV,SG.LAW.INDX,2021,88.75
301,GNQ,SG.LAW.INDX,2021,51.875
302,ERI,SG.LAW.INDX,2021,69.375
303,EST,SG.LAW.INDX,2021,97.5
304,SWZ,SG.LAW.INDX,2021,46.25
305,ETH,SG.LAW.INDX,2021,80.0
306,FJI,SG.LAW.INDX,2021,82.5
307,FIN,SG.LAW.INDX,2021,97.5
308,FRA,SG.LAW.INDX,2021,100.0
309,GAB,SG.LAW.INDX,2021,82.5
310,GMB,SG.LAW.INDX,2021,69.375
311,GEO,SG.LAW.INDX,2021,88.125
312,DEU,SG.LAW.INDX,2021,100.0
313,GHA,SG.LAW.INDX,2021,75.0
314,GRC,SG.LAW.INDX,2021,100.0
315,GRD,SG.LAW.INDX,2021,80.625
316,GTM,SG.LAW.INDX,2021,73.75
317,GIN,SG.LAW.INDX,2021,73.75
318,GNB,SG.LAW.INDX,2021,40.0
319,GUY,SG.LAW.INDX,2021,86.875
320,HTI,SG.LAW.INDX,2021,61.25
321,HND,SG.LAW.INDX,2021,75.0
322,HKG,SG.LAW.INDX,2021,91.875
323,HUN,SG.LAW.INDX,2021,93.75
324,ISL,SG.LAW.INDX,2021,100.0
325,IND,SG.LAW.INDX,2021,74.375
326,IDN,SG.LAW.INDX,2021,64.375
327,IRN,SG.LAW.INDX,2021,31.25
328,IRQ,SG.LAW.INDX,2021,45.0
329,IRL,SG.LAW.INDX,2021,100.0
330,ISR,SG.LAW.INDX,2021,80.625
331,ITA,SG.LAW.INDX,2021,97.5
332,JAM,SG.LAW.INDX,2021,68.125
333,JPN,SG.LAW.INDX,2021,78.75
334,JOR,SG.LAW.INDX,2021,46.875
335,KAZ,SG.LAW.INDX,2021,69.375
336,KEN,SG.LAW.INDX,2021,83.75
337,KIR,SG.LAW.INDX,2021,76.25
338,KOR,SG.LAW.INDX,2021,88.125
339,XKX,SG.LAW.INDX,2021,91.875
340,KWT,SG.LAW.INDX,2021,38.125
341,KGZ,SG.LAW.INDX,2021,76.875
342,LAO,SG.LAW.INDX,2021,85.625
343,LVA,SG.LAW.INDX,2021,100.0
344,LBN,SG.LAW.INDX,2021,58.75
345,LSO,SG.LAW.INDX,2021,78.125
346,LBR,SG.LAW.INDX,2021,81.25
347,LBY,SG.LAW.INDX,2021,50.0
348,LTU,SG.LAW.INDX,2021,93.75
349,LUX,SG.LAW.INDX,2021,100.0
350,MDG,SG.LAW.INDX,2021,69.375
351,MWI,SG.LAW.INDX,2021,77.5
352,MYS,SG.LAW.INDX,2021,50.0
353,MDV,SG.LAW.INDX,2021,73.75
354,MLI,SG.LAW.INDX,2021,63.75
355,MLT,SG.LAW.INDX,2021,88.75
356,MHL,SG.LAW.INDX,2021,65.625
357,MRT,SG.LAW.INDX,2021,48.125
358,MUS,SG.LAW.INDX,2021,89.375
359,MEX,SG.LAW.INDX,2021,88.75
360,FSM,SG.LAW.INDX,2021,61.25
361,MDA,SG.LAW.INDX,2021,87.5
362,MNG,SG.LAW.INDX,2021,85.0
363,MNE,SG.LAW.INDX,2021,85.0
364,MAR,SG.LAW.INDX,2021,75.625
365,MOZ,SG.LAW.INDX,2021,82.5
366,MMR,SG.LAW.INDX,2021,58.75
367,NAM,SG.LAW.INDX,2021,80.0
368,NPL,SG.LAW.INDX,2021,80.625
369,NLD,SG.LAW.INDX,2021,97.5
370,NZL,SG.LAW.INDX,2021,97.5
371,NIC,SG.LAW.INDX,2021,86.25
372,NER,SG.LAW.INDX,2021,56.875
373,NGA,SG.LAW.INDX,2021,66.25
374,MKD,SG.LAW.INDX,2021,85.0
375,NOR,SG.LAW.INDX,2021,96.875
376,OMN,SG.LAW.INDX,2021,35.625
377,PAK,SG.LAW.INDX,2021,55.625
378,PLW,SG.LAW.INDX,2021,56.25
379,PAN,SG.LAW.INDX,2021,79.375
380,PNG,SG.LAW.INDX,2021,60.0
381,PRY,SG.LAW.INDX,2021,94.375
382,PER,SG.LAW.INDX,2021,95.0
383,PHL,SG.LAW.INDX,2021,78.75
384,POL,SG.LAW.INDX,2021,93.75
385,PRT,SG.LAW.INDX,2021,100.0
386,PRI,SG.LAW.INDX,2021,83.75
387,QAT,SG.LAW.INDX,2021,29.375
388,ROU,SG.LAW.INDX,2021,90.625
389,RUS,SG.LAW.INDX,2021,73.125
390,RWA,SG.LAW.INDX,2021,83.75
391,WSM,SG.LAW.INDX,2021,75.0
392,SMR,SG.LAW.INDX,2021,80.0
393,STP,SG.LAW.INDX,2021,83.125
394,SAU,SG.LAW.INDX,2021,80.0
395,SEN,SG.LAW.INDX,2021,66.875
396,SRB,SG.LAW.INDX,2021,93.75
397,SYC,SG.LAW.INDX,2021,76.25
398,SLE,SG.LAW.INDX,2021,72.5
399,SGP,SG.LAW.INDX,2021,82.5
400,SVK,SG.LAW.INDX,2021,85.0
401,SVN,SG.LAW.INDX,2021,96.875
402,SLB,SG.LAW.INDX,2021,56.875
403,SOM,SG.LAW.INDX,2021,46.875
404,ZAF,SG.LAW.INDX,2021,88.125
405,SSD,SG.LAW.INDX,2021,67.5
406,ESP,SG.LAW.INDX,2021,100.0
407,LKA,SG.LAW.INDX,2021,63.125
408,KNA,SG.LAW.INDX,2021,71.25
409,LCA,SG.LAW.INDX,2021,83.75
410,VCT,SG.LAW.INDX,2021,68.125
411,SDN,SG.LAW.INDX,2021,32.5
412,SUR,SG.LAW.INDX,2021,70.625
413,SWE,SG.LAW.INDX,2021,100.0
414,CHE,SG.LAW.INDX,2021,88.125
415,SYR,SG.LAW.INDX,2021,40.0
416,TJK,SG.LAW.INDX,2021,78.75
417,TZA,SG.LAW.INDX,2021,81.25
418,THA,SG.LAW.INDX,2021,78.125
419,TLS,SG.LAW.INDX,2021,86.25
420,TGO,SG.LAW.INDX,2021,81.875
421,TON,SG.LAW.INDX,2021,58.75
422,TTO,SG.LAW.INDX,2021,75.0
423,TUN,SG.LAW.INDX,2021,64.375
424,TUR,SG.LAW.INDX,2021,82.5
425,UGA,SG.LAW.INDX,2021,73.125
426,UKR,SG.LAW.INDX,2021,85.0
427,ARE,SG.LAW.INDX,2021,82.5
428,GBR,SG.LAW.INDX,2021,97.5
429,USA,SG.LAW.INDX,2021,91.25
430,URY,SG.LAW.INDX,2021,88.75
431,UZB,SG.LAW.INDX,2021,70.625
432,VUT,SG.LAW.INDX,2021,55.625
433,VEN,SG.LAW.INDX,2021,85.0
434,VNM,SG.LAW.INDX,2021,88.125
435,PSE,SG.LAW.INDX,2021,26.25
436,YEM,SG.LAW.INDX,2021,26.875
437,ZMB,SG.LAW.INDX,2021,81.25
438,ZWE,SG.LAW.INDX,2021,86.875
439,EAS,SG.LAW.INDX,2021,71.95
440,ECS,SG.LAW.INDX,2021,84.1304347826087
441,HIC,SG.LAW.INDX,2021,86.864406779661
442,LCN,SG.LAW.INDX,2021,80.41015625
443,LIC,SG.LAW.INDX,2021,65.375
444,LMC,SG.LAW.INDX,2021,70.3703703703704
445,MEA,SG.LAW.INDX,2021,53.1875
446,NAC,SG.LAW.INDX,2021,95.625
447,SAS,SG.LAW.INDX,2021,63.75
448,SSF,SG.LAW.INDX,2021,71.5755208333333
449,UMC,SG.LAW.INDX,2021,76.6911764705882
450,WLD,SG.LAW.INDX,2021,76.6085526315789
451,FJI,SG.DMK.SRCR.FN.ZS,2021,61.6
452,IND,SG.DMK.SRCR.FN.ZS,2021,65.6
453,MDG,SG.DMK.SRCR.FN.ZS,2021,72.0
454,MRT,SG.DMK.SRCR.FN.ZS,2021,25.3
455,BFA,SG.DMK.ALLD.FN.ZS,2021,15.9
456,CIV,SG.DMK.ALLD.FN.ZS,2021,31.5
457,GAB,SG.DMK.ALLD.FN.ZS,2021,61.6
458,IND,SG.DMK.ALLD.FN.ZS,2021,73.3
459,MDG,SG.DMK.ALLD.FN.ZS,2021,74.9
460,MRT,SG.DMK.ALLD.FN.ZS,2021,55.1
461,BFA,SG.VAW.REAS.ZS,2021,44.1
462,CIV,SG.VAW.REAS.ZS,2021,25.8
463,GAB,SG.VAW.REAS.ZS,2021,29.3
464,IND,SG.VAW.REAS.ZS,2021,44.4
465,MDG,SG.VAW.REAS.ZS,2021,40.6
466,MRT,SG.VAW.REAS.ZS,2021,27.1
467,BFA,SG.VAW.ARGU.ZS,2021,33.2
468,CIV,SG.VAW.ARGU.ZS,2021,19.5
469,GAB,SG.VAW.ARGU.ZS,2021,16.3
470,IND,SG.VAW.ARGU.ZS,2021,20.6
471,MDG,SG.VAW.ARGU.ZS,2021,6.3
472,MRT,SG.VAW.ARGU.ZS,2021,16.2
473,BFA,SG.VAW.BURN.ZS,2021,10.4
474,CIV,SG.VAW.BURN.ZS,2021,7.0
475,GAB,SG.VAW.BURN.ZS,2021,3.2
476,IND,SG.VAW.BURN.ZS,2021,13.4
477,MDG,SG.VAW.BURN.ZS,2021,8.8
478,MRT,SG.VAW.BURN.ZS,2021,7.0
479,BFA,SG.VAW.GOES.ZS,2021,27.4
480,CIV,SG.VAW.GOES.ZS,2021,12.4
481,GAB,SG.VAW.GOES.ZS,2021,7.7
482,IND,SG.VAW.GOES.ZS,2021,20.9
483,MDG,SG.VAW.GOES.ZS,2021,22.1
484,MRT,SG.VAW.GOES.ZS,2021,16.7
485,BFA,SG.VAW.NEGL.ZS,2021,28.1
486,CIV,SG.VAW.NEGL.ZS,2021,13.9
487,GAB,SG.VAW.NEGL.ZS,2021,22.9
488,IND,SG.VAW.NEGL.ZS,2021,35.9
489,MDG,SG.VAW.NEGL.ZS,2021,35.1
490,MRT,SG.VAW.NEGL.ZS,2021,16.3
491,BFA,SG.VAW.REFU.ZS,2021,23.5
492,CIV,SG.VAW.REFU.ZS,2021,12.1
493,GAB,SG.VAW.REFU.ZS,2021,4.9
494,IND,SG.VAW.REFU.ZS,2021,8.4
495,MDG,SG.VAW.REFU.ZS,2021,10.1
496,MRT,SG.VAW.REFU.ZS,2021,20.2
497,ALB,SG.GEN.PARL.ZS,2022,35.7142857142857
498,DZA,SG.GEN.PARL.ZS,2022,8.10810810810811
499,AND,SG.GEN.PARL.ZS,2022,46.4285714285714
500,AGO,SG.GEN.PARL.ZS,2022,33.6363636363636
501,ATG,SG.GEN.PARL.ZS,2022,11.1111111111111
502,ARG,SG.GEN.PARL.ZS,2022,44.7470817120623
503,ARM,SG.GEN.PARL.ZS,2022,35.5140186915888
504,AUS,SG.GEN.PARL.ZS,2022,38.4105960264901
505,AUT,SG.GEN.PARL.ZS,2022,40.9836065573771
506,AZE,SG.GEN.PARL.ZS,2022,18.3333333333333
507,BHS,SG.GEN.PARL.ZS,2022,17.9487179487179
508,BHR,SG.GEN.PARL.ZS,2022,20.0
509,BGD,SG.GEN.PARL.ZS,2022,20.8571428571429
510,BRB,SG.GEN.PARL.ZS,2022,26.6666666666667
511,BLR,SG.GEN.PARL.ZS,2022,40.0
512,BEL,SG.GEN.PARL.ZS,2022,42.6666666666667
513,BLZ,SG.GEN.PARL.ZS,2022,12.5
514,BEN,SG.GEN.PARL.ZS,2022,7.40740740740741
515,BTN,SG.GEN.PARL.ZS,2022,17.3913043478261
516,BOL,SG.GEN.PARL.ZS,2022,46.1538461538462
517,BIH,SG.GEN.PARL.ZS,2022,16.6666666666667
518,BWA,SG.GEN.PARL.ZS,2022,11.1111111111111
519,BRA,SG.GEN.PARL.ZS,2022,17.7387914230019
520,BRN,SG.GEN.PARL.ZS,2022,9.09090909090909
521,BGR,SG.GEN.PARL.ZS,2022,24.1666666666667
522,BFA,SG.GEN.PARL.ZS,2022,16.9014084507042
523,BDI,SG.GEN.PARL.ZS,2022,38.2113821138211
524,CPV,SG.GEN.PARL.ZS,2022,38.8888888888889
525,KHM,SG.GEN.PARL.ZS,2022,20.8
526,CMR,SG.GEN.PARL.ZS,2022,33.8888888888889
527,CAN,SG.GEN.PARL.ZS,2022,30.4733727810651
528,CAF,SG.GEN.PARL.ZS,2022,12.8571428571429
529,TCD,SG.GEN.PARL.ZS,2022,25.8883248730964
530,CHL,SG.GEN.PARL.ZS,2022,35.4838709677419
531,CHN,SG.GEN.PARL.ZS,2022,24.9411764705882
532,COL,SG.GEN.PARL.ZS,2022,28.8770053475936
533,COM,SG.GEN.PARL.ZS,2022,16.6666666666667
534,COD,SG.GEN.PARL.ZS,2022,12.8
535,COG,SG.GEN.PARL.ZS,2022,14.5695364238411
536,CRI,SG.GEN.PARL.ZS,2022,47.3684210526316
537,CIV,SG.GEN.PARL.ZS,2022,14.1732283464567
538,HRV,SG.GEN.PARL.ZS,2022,31.7880794701987
539,CUB,SG.GEN.PARL.ZS,2022,53.4129692832764
540,CYP,SG.GEN.PARL.ZS,2022,14.2857142857143
541,CZE,SG.GEN.PARL.ZS,2022,25.5
542,DNK,SG.GEN.PARL.ZS,2022,43.5754189944134
543,DJI,SG.GEN.PARL.ZS,2022,26.1538461538462
544,DMA,SG.GEN.PARL.ZS,2022,34.375
545,DOM,SG.GEN.PARL.ZS,2022,27.8947368421053
546,ECU,SG.GEN.PARL.ZS,2022,38.6861313868613
547,EGY,SG.GEN.PARL.ZS,2022,27.580372250423
548,SLV,SG.GEN.PARL.ZS,2022,27.3809523809524
549,GNQ,SG.GEN.PARL.ZS,2022,31.0
550,EST,SG.GEN.PARL.ZS,2022,25.7425742574257
551,SWZ,SG.GEN.PARL.ZS,2022,13.5135135135135
552,ETH,SG.GEN.PARL.ZS,2022,41.4893617021277
553,FJI,SG.GEN.PARL.ZS,2022,19.6078431372549
554,FIN,SG.GEN.PARL.ZS,2022,45.5
555,FRA,SG.GEN.PARL.ZS,2022,37.261698440208
556,GAB,SG.GEN.PARL.ZS,2022,15.3846153846154
557,GMB,SG.GEN.PARL.ZS,2022,8.62068965517241
558,GEO,SG.GEN.PARL.ZS,2022,19.047619047619
559,DEU,SG.GEN.PARL.ZS,2022,34.9184782608696
560,GHA,SG.GEN.PARL.ZS,2022,14.5454545454545
561,GRC,SG.GEN.PARL.ZS,2022,21.0
562,GRD,SG.GEN.PARL.ZS,2022,31.25
563,GTM,SG.GEN.PARL.ZS,2022,19.375
564,GIN,SG.GEN.PARL.ZS,2022,29.6296296296296
565,GNB,SG.GEN.PARL.ZS,2022,13.7254901960784
566,GUY,SG.GEN.PARL.ZS,2022,35.3846153846154
567,HND,SG.GEN.PARL.ZS,2022,27.34375
568,HUN,SG.GEN.PARL.ZS,2022,14.070351758794
569,ISL,SG.GEN.PARL.ZS,2022,47.6190476190476
570,IND,SG.GEN.PARL.ZS,2022,14.9446494464945
571,IDN,SG.GEN.PARL.ZS,2022,21.9130434782609
572,IRN,SG.GEN.PARL.ZS,2022,5.59440559440559
573,IRQ,SG.GEN.PARL.ZS,2022,28.8753799392097
574,IRL,SG.GEN.PARL.ZS,2022,23.125
575,ISR,SG.GEN.PARL.ZS,2022,23.3333333333333
576,ITA,SG.GEN.PARL.ZS,2022,32.25
577,JAM,SG.GEN.PARL.ZS,2022,28.5714285714286
578,JPN,SG.GEN.PARL.ZS,2022,9.91379310344828
579,JOR,SG.GEN.PARL.ZS,2022,12.3076923076923
580,KAZ,SG.GEN.PARL.ZS,2022,27.3584905660377
581,KEN,SG.GEN.PARL.ZS,2022,23.4285714285714
582,KIR,SG.GEN.PARL.ZS,2022,6.66666666666667
583,PRK,SG.GEN.PARL.ZS,2022,17.6128093158661
584,KOR,SG.GEN.PARL.ZS,2022,18.6440677966102
585,KWT,SG.GEN.PARL.ZS,2022,6.25
586,KGZ,SG.GEN.PARL.ZS,2022,20.4545454545455
587,LAO,SG.GEN.PARL.ZS,2022,21.9512195121951
588,LVA,SG.GEN.PARL.ZS,2022,30.0
589,LBN,SG.GEN.PARL.ZS,2022,6.25
590,LSO,SG.GEN.PARL.ZS,2022,26.4462809917355
591,LBR,SG.GEN.PARL.ZS,2022,10.958904109589
592,LBY,SG.GEN.PARL.ZS,2022,16.4705882352941
593,LIE,SG.GEN.PARL.ZS,2022,28.0
594,LTU,SG.GEN.PARL.ZS,2022,28.3687943262411
595,LUX,SG.GEN.PARL.ZS,2022,33.3333333333333
596,MDG,SG.GEN.PARL.ZS,2022,18.5430463576159
597,MWI,SG.GEN.PARL.ZS,2022,22.9166666666667
598,MYS,SG.GEN.PARL.ZS,2022,13.5746606334842
599,MDV,SG.GEN.PARL.ZS,2022,4.59770114942529
600,MLI,SG.GEN.PARL.ZS,2022,28.5714285714286
601,MLT,SG.GEN.PARL.ZS,2022,27.8481012658228
602,MHL,SG.GEN.PARL.ZS,2022,6.06060606060606
603,MRT,SG.GEN.PARL.ZS,2022,20.2614379084967
604,MUS,SG.GEN.PARL.ZS,2022,20.0
605,MEX,SG.GEN.PARL.ZS,2022,50.0
606,FSM,SG.GEN.PARL.ZS,2022,7.14285714285714
607,MDA,SG.GEN.PARL.ZS,2022,40.5940594059406
608,MCO,SG.GEN.PARL.ZS,2022,33.3333333333333
609,MNG,SG.GEN.PARL.ZS,2022,17.1052631578947
610,MNE,SG.GEN.PARL.ZS,2022,27.1604938271605
611,MAR,SG.GEN.PARL.ZS,2022,24.0506329113924
612,MOZ,SG.GEN.PARL.ZS,2022,42.4
613,NAM,SG.GEN.PARL.ZS,2022,44.2307692307692
614,NRU,SG.GEN.PARL.ZS,2022,10.5263157894737
615,NPL,SG.GEN.PARL.ZS,2022,33.0909090909091
616,NLD,SG.GEN.PARL.ZS,2022,40.6666666666667
617,NZL,SG.GEN.PARL.ZS,2022,50.4201680672269
618,NIC,SG.GEN.PARL.ZS,2022,51.6483516483517
619,NER,SG.GEN.PARL.ZS,2022,25.9036144578313
620,NGA,SG.GEN.PARL.ZS,2022,3.61111111111111
621,MKD,SG.GEN.PARL.ZS,2022,41.6666666666667
622,NOR,SG.GEN.PARL.ZS,2022,44.9704142011834
623,OMN,SG.GEN.PARL.ZS,2022,2.32558139534884
624,PAK,SG.GEN.PARL.ZS,2022,20.4678362573099
625,PLW,SG.GEN.PARL.ZS,2022,6.25
626,PAN,SG.GEN.PARL.ZS,2022,22.5352112676056
627,PNG,SG.GEN.PARL.ZS,2022,1.73913043478261
628,PRY,SG.GEN.PARL.ZS,2022,17.5
629,PER,SG.GEN.PARL.ZS,2022,40.0
630,PHL,SG.GEN.PARL.ZS,2022,27.3311897106109
631,POL,SG.GEN.PARL.ZS,2022,28.2608695652174
632,PRT,SG.GEN.PARL.ZS,2022,36.9565217391304
633,QAT,SG.GEN.PARL.ZS,2022,4.44444444444444
634,ROU,SG.GEN.PARL.ZS,2022,19.0909090909091
635,RUS,SG.GEN.PARL.ZS,2022,16.2222222222222
636,RWA,SG.GEN.PARL.ZS,2022,61.25
637,WSM,SG.GEN.PARL.ZS,2022,12.962962962963
638,SMR,SG.GEN.PARL.ZS,2022,33.3333333333333
639,STP,SG.GEN.PARL.ZS,2022,14.5454545454545
640,SAU,SG.GEN.PARL.ZS,2022,19.8675496688742
641,SEN,SG.GEN.PARL.ZS,2022,44.2424242424242
642,SRB,SG.GEN.PARL.ZS,2022,36.5546218487395
643,SYC,SG.GEN.PARL.ZS,2022,22.8571428571429
644,SLE,SG.GEN.PARL.ZS,2022,12.3287671232877
645,SGP,SG.GEN.PARL.ZS,2022,29.126213592233
646,SVK,SG.GEN.PARL.ZS,2022,21.3333333333333
647,SVN,SG.GEN.PARL.ZS,2022,40.0
648,SLB,SG.GEN.PARL.ZS,2022,8.0
649,SOM,SG.GEN.PARL.ZS,2022,19.7080291970803
650,ZAF,SG.GEN.PARL.ZS,2022,46.5
651,SSD,SG.GEN.PARL.ZS,2022,32.3636363636364
652,ESP,SG.GEN.PARL.ZS,2022,42.9799426934097
653,LKA,SG.GEN.PARL.ZS,2022,5.33333333333333
654,KNA,SG.GEN.PARL.ZS,2022,31.25
655,LCA,SG.GEN.PARL.ZS,2022,11.1111111111111
656,VCT,SG.GEN.PARL.ZS,2022,18.1818181818182
657,SUR,SG.GEN.PARL.ZS,2022,29.4117647058824
658,SWE,SG.GEN.PARL.ZS,2022,46.4183381088825
659,CHE,SG.GEN.PARL.ZS,2022,41.5
660,SYR,SG.GEN.PARL.ZS,2022,11.2
661,TJK,SG.GEN.PARL.ZS,2022,26.984126984127
662,TZA,SG.GEN.PARL.ZS,2022,36.8556701030928
663,THA,SG.GEN.PARL.ZS,2022,15.7464212678937
664,TLS,SG.GEN.PARL.ZS,2022,40.0
665,TGO,SG.GEN.PARL.ZS,2022,18.6813186813187
666,TON,SG.GEN.PARL.ZS,2022,3.7037037037037
667,TTO,SG.GEN.PARL.ZS,2022,26.1904761904762
668,TUN,SG.GEN.PARL.ZS,2022,26.2672811059908
669,TUR,SG.GEN.PARL.ZS,2022,17.3539518900344
670,TKM,SG.GEN.PARL.ZS,2022,25.8620689655172
671,TUV,SG.GEN.PARL.ZS,2022,6.25
672,UGA,SG.GEN.PARL.ZS,2022,33.8129496402878
673,UKR,SG.GEN.PARL.ZS,2022,20.3309692671395
674,ARE,SG.GEN.PARL.ZS,2022,50.0
675,GBR,SG.GEN.PARL.ZS,2022,34.5679012345679
676,USA,SG.GEN.PARL.ZS,2022,28.7037037037037
677,URY,SG.GEN.PARL.ZS,2022,25.2525252525253
678,UZB,SG.GEN.PARL.ZS,2022,33.3333333333333
679,VUT,SG.GEN.PARL.ZS,2022,1.92307692307692
680,VNM,SG.GEN.PARL.ZS,2022,30.2605210420842
681,YEM,SG.GEN.PARL.ZS,2022,0.0
682,ZMB,SG.GEN.PARL.ZS,2022,15.0602409638554
683,ZWE,SG.GEN.PARL.ZS,2022,30.5660377358491
684,AFE,SG.GEN.PARL.ZS,2022,30.523627075351225
685,AFW,SG.GEN.PARL.ZS,2022,19.182782283218963
686,ARB,SG.GEN.PARL.ZS,2022,18.24625886059333
687,CSS,SG.GEN.PARL.ZS,2022,25.368731563421836
688,CEB,SG.GEN.PARL.ZS,2022,25.06938020351527
689,EAR,SG.GEN.PARL.ZS,2022,24.861671199474824
690,EAS,SG.GEN.PARL.ZS,2022,21.927587965323813
691,EAP,SG.GEN.PARL.ZS,2022,22.049969897652012
692,TEA,SG.GEN.PARL.ZS,2022,22.479973297730297
693,EMU,SG.GEN.PARL.ZS,2022,34.127893651157464
694,ECS,SG.GEN.PARL.ZS,2022,30.923279428356526
695,ECA,SG.GEN.PARL.ZS,2022,26.319648093841646
696,TEC,SG.GEN.PARL.ZS,2022,25.00573526038083
697,EUU,SG.GEN.PARL.ZS,2022,32.579113924050645
698,FCS,SG.GEN.PARL.ZS,2022,21.9347201082361
699,HPC,SG.GEN.PARL.ZS,2022,26.579203109815353
700,HIC,SG.GEN.PARL.ZS,2022,30.06411993136458
701,IBD,SG.GEN.PARL.ZS,2022,25.324360373469137
702,IBT,SG.GEN.PARL.ZS,2022,24.47176055569698
703,IDB,SG.GEN.PARL.ZS,2022,21.11111111111111
704,IDX,SG.GEN.PARL.ZS,2022,23.75620454807804
705,IDA,SG.GEN.PARL.ZS,2022,23.193674452422073
706,LTE,SG.GEN.PARL.ZS,2022,23.333955572148586
707,LCN,SG.GEN.PARL.ZS,2022,35.73393348337083
708,LAC,SG.GEN.PARL.ZS,2022,36.86489607390298
709,TLA,SG.GEN.PARL.ZS,2022,32.868998221695314
710,LDC,SG.GEN.PARL.ZS,2022,26.18680857022827
711,LMY,SG.GEN.PARL.ZS,2022,24.96895344898957
712,LIC,SG.GEN.PARL.ZS,2022,24.076755973931945
713,LMC,SG.GEN.PARL.ZS,2022,23.099448136051357
714,MEA,SG.GEN.PARL.ZS,2022,17.486338797814202
715,MNA,SG.GEN.PARL.ZS,2022,17.27781230577998
716,TMN,SG.GEN.PARL.ZS,2022,17.27781230577998
717,MIC,SG.GEN.PARL.ZS,2022,25.203097534324666
718,NAC,SG.GEN.PARL.ZS,2022,29.48051948051948
719,OED,SG.GEN.PARL.ZS,2022,32.52212389380531
720,OSS,SG.GEN.PARL.ZS,2022,24.0506329113924
721,PSS,SG.GEN.PARL.ZS,2022,8.753315649867378
722,PST,SG.GEN.PARL.ZS,2022,33.571664283357165
723,PRE,SG.GEN.PARL.ZS,2022,24.55500437700613
724,SST,SG.GEN.PARL.ZS,2022,21.130625686059275
725,SAS,SG.GEN.PARL.ZS,2022,18.157471880021436
726,TSA,SG.GEN.PARL.ZS,2022,18.157471880021436
727,SSF,SG.GEN.PARL.ZS,2022,26.33820651548291
728,SSA,SG.GEN.PARL.ZS,2022,26.352288488210824
729,TSS,SG.GEN.PARL.ZS,2022,26.338206515482913
730,UMC,SG.GEN.PARL.ZS,2022,26.737880032867697
731,WLD,SG.GEN.PARL.ZS,2022,26.467619401795677
732,GBR,SG.TIM.UWRK.FE,2022,16.00522
733,USA,SG.TIM.UWRK.FE,2022,15.08333
734,GBR,SG.TIM.UWRK.MA,2022,12.25177
735,USA,SG.TIM.UWRK.MA,2022,10.08333
736,AFG,SG.LAW.INDX,2022,31.875
737,ALB,SG.LAW.INDX,2022,91.25
738,DZA,SG.LAW.INDX,2022,57.5
739,AGO,SG.LAW.INDX,2022,79.375
740,ATG,SG.LAW.INDX,2022,68.75
741,ARG,SG.LAW.INDX,2022,79.375
742,ARM,SG.LAW.INDX,2022,87.5
743,AUS,SG.LAW.INDX,2022,96.875
744,AUT,SG.LAW.INDX,2022,96.875
745,AZE,SG.LAW.INDX,2022,78.75
746,BHS,SG.LAW.INDX,2022,81.25
747,BHR,SG.LAW.INDX,2022,68.125
748,BGD,SG.LAW.INDX,2022,49.375
749,BRB,SG.LAW.INDX,2022,80.0
750,BLR,SG.LAW.INDX,2022,75.625
751,BEL,SG.LAW.INDX,2022,100.0
752,BLZ,SG.LAW.INDX,2022,79.375
753,BEN,SG.LAW.INDX,2022,83.75
754,BTN,SG.LAW.INDX,2022,75.0
755,BOL,SG.LAW.INDX,2022,88.75
756,BIH,SG.LAW.INDX,2022,85.0
757,BWA,SG.LAW.INDX,2022,63.75
758,BRA,SG.LAW.INDX,2022,85.0
759,BRN,SG.LAW.INDX,2022,53.125
760,BGR,SG.LAW.INDX,2022,90.625
761,BFA,SG.LAW.INDX,2022,82.5
762,BDI,SG.LAW.INDX,2022,76.25
763,CPV,SG.LAW.INDX,2022,86.25
764,KHM,SG.LAW.INDX,2022,81.25
765,CMR,SG.LAW.INDX,2022,60.0
766,CAN,SG.LAW.INDX,2022,100.0
767,CAF,SG.LAW.INDX,2022,77.5
768,TCD,SG.LAW.INDX,2022,66.25
769,CHL,SG.LAW.INDX,2022,80.0
770,CHN,SG.LAW.INDX,2022,78.125
771,COL,SG.LAW.INDX,2022,84.375
772,COM,SG.LAW.INDX,2022,65.0
773,COD,SG.LAW.INDX,2022,78.75
774,COG,SG.LAW.INDX,2022,58.125
775,CRI,SG.LAW.INDX,2022,91.875
776,CIV,SG.LAW.INDX,2022,95.0
777,HRV,SG.LAW.INDX,2022,93.75
778,CYP,SG.LAW.INDX,2022,94.375
779,CZE,SG.LAW.INDX,2022,93.75
780,DNK,SG.LAW.INDX,2022,100.0
781,DJI,SG.LAW.INDX,2022,71.25
782,DMA,SG.LAW.INDX,2022,62.5
783,DOM,SG.LAW.INDX,2022,86.25
784,ECU,SG.LAW.INDX,2022,89.375
785,EGY,SG.LAW.INDX,2022,50.625
786,SLV,SG.LAW.INDX,2022,88.75
787,GNQ,SG.LAW.INDX,2022,51.875
788,ERI,SG.LAW.INDX,2022,69.375
789,EST,SG.LAW.INDX,2022,97.5
790,SWZ,SG.LAW.INDX,2022,46.25
791,ETH,SG.LAW.INDX,2022,80.0
792,FJI,SG.LAW.INDX,2022,82.5
793,FIN,SG.LAW.INDX,2022,97.5
794,FRA,SG.LAW.INDX,2022,100.0
795,GAB,SG.LAW.INDX,2022,95.0
796,GMB,SG.LAW.INDX,2022,69.375
797,GEO,SG.LAW.INDX,2022,88.125
798,DEU,SG.LAW.INDX,2022,100.0
799,GHA,SG.LAW.INDX,2022,75.0
800,GRC,SG.LAW.INDX,2022,100.0
801,GRD,SG.LAW.INDX,2022,80.625
802,GTM,SG.LAW.INDX,2022,73.75
803,GIN,SG.LAW.INDX,2022,73.75
804,GNB,SG.LAW.INDX,2022,51.875
805,GUY,SG.LAW.INDX,2022,86.875
806,HTI,SG.LAW.INDX,2022,61.25
807,HND,SG.LAW.INDX,2022,75.0
808,HKG,SG.LAW.INDX,2022,91.875
809,HUN,SG.LAW.INDX,2022,93.75
810,ISL,SG.LAW.INDX,2022,100.0
811,IND,SG.LAW.INDX,2022,74.375
812,IDN,SG.LAW.INDX,2022,70.625
813,IRN,SG.LAW.INDX,2022,31.25
814,IRQ,SG.LAW.INDX,2022,48.125
815,IRL,SG.LAW.INDX,2022,100.0
816,ISR,SG.LAW.INDX,2022,80.625
817,ITA,SG.LAW.INDX,2022,97.5
818,JAM,SG.LAW.INDX,2022,68.125
819,JPN,SG.LAW.INDX,2022,78.75
820,JOR,SG.LAW.INDX,2022,46.875
821,KAZ,SG.LAW.INDX,2022,75.625
822,KEN,SG.LAW.INDX,2022,83.75
823,KIR,SG.LAW.INDX,2022,76.25
824,KOR,SG.LAW.INDX,2022,88.125
825,XKX,SG.LAW.INDX,2022,91.875
826,KWT,SG.LAW.INDX,2022,38.125
827,KGZ,SG.LAW.INDX,2022,76.875
828,LAO,SG.LAW.INDX,2022,85.625
829,LVA,SG.LAW.INDX,2022,100.0
830,LBN,SG.LAW.INDX,2022,58.75
831,LSO,SG.LAW.INDX,2022,78.125
832,LBR,SG.LAW.INDX,2022,81.25
833,LBY,SG.LAW.INDX,2022,50.0
834,LTU,SG.LAW.INDX,2022,93.75
835,LUX,SG.LAW.INDX,2022,100.0
836,MDG,SG.LAW.INDX,2022,69.375
837,MWI,SG.LAW.INDX,2022,80.0
838,MYS,SG.LAW.INDX,2022,50.0
839,MDV,SG.LAW.INDX,2022,73.75
840,MLI,SG.LAW.INDX,2022,63.75
841,MLT,SG.LAW.INDX,2022,91.25
842,MHL,SG.LAW.INDX,2022,65.625
843,MRT,SG.LAW.INDX,2022,48.125
844,MUS,SG.LAW.INDX,2022,89.375
845,MEX,SG.LAW.INDX,2022,88.75
846,FSM,SG.LAW.INDX,2022,61.25
847,MDA,SG.LAW.INDX,2022,87.5
848,MNG,SG.LAW.INDX,2022,90.625
849,MNE,SG.LAW.INDX,2022,85.0
850,MAR,SG.LAW.INDX,2022,75.625
851,MOZ,SG.LAW.INDX,2022,82.5
852,MMR,SG.LAW.INDX,2022,58.75
853,NAM,SG.LAW.INDX,2022,80.0
854,NPL,SG.LAW.INDX,2022,80.625
855,NLD,SG.LAW.INDX,2022,100.0
856,NZL,SG.LAW.INDX,2022,97.5
857,NIC,SG.LAW.INDX,2022,86.25
858,NER,SG.LAW.INDX,2022,53.75
859,NGA,SG.LAW.INDX,2022,66.25
860,MKD,SG.LAW.INDX,2022,85.0
861,NOR,SG.LAW.INDX,2022,96.875
862,OMN,SG.LAW.INDX,2022,35.625
863,PAK,SG.LAW.INDX,2022,58.75
864,PLW,SG.LAW.INDX,2022,56.25
865,PAN,SG.LAW.INDX,2022,79.375
866,PNG,SG.LAW.INDX,2022,60.0
867,PRY,SG.LAW.INDX,2022,94.375
868,PER,SG.LAW.INDX,2022,95.0
869,PHL,SG.LAW.INDX,2022,78.75
870,POL,SG.LAW.INDX,2022,93.75
871,PRT,SG.LAW.INDX,2022,100.0
872,PRI,SG.LAW.INDX,2022,83.75
873,QAT,SG.LAW.INDX,2022,29.375
874,ROU,SG.LAW.INDX,2022,90.625
875,RUS,SG.LAW.INDX,2022,73.125
876,RWA,SG.LAW.INDX,2022,83.75
877,WSM,SG.LAW.INDX,2022,75.0
878,SMR,SG.LAW.INDX,2022,85.0
879,STP,SG.LAW.INDX,2022,83.125
880,SAU,SG.LAW.INDX,2022,71.25
881,SEN,SG.LAW.INDX,2022,72.5
882,SRB,SG.LAW.INDX,2022,93.75
883,SYC,SG.LAW.INDX,2022,76.25
884,SLE,SG.LAW.INDX,2022,72.5
885,SGP,SG.LAW.INDX,2022,82.5
886,SVK,SG.LAW.INDX,2022,85.0
887,SVN,SG.LAW.INDX,2022,96.875
888,SLB,SG.LAW.INDX,2022,56.875
889,SOM,SG.LAW.INDX,2022,46.875
890,ZAF,SG.LAW.INDX,2022,88.125
891,SSD,SG.LAW.INDX,2022,67.5
892,ESP,SG.LAW.INDX,2022,100.0
893,LKA,SG.LAW.INDX,2022,65.625
894,KNA,SG.LAW.INDX,2022,71.25
895,LCA,SG.LAW.INDX,2022,83.75
896,VCT,SG.LAW.INDX,2022,68.125
897,SDN,SG.LAW.INDX,2022,32.5
898,SUR,SG.LAW.INDX,2022,70.625
899,SWE,SG.LAW.INDX,2022,100.0
900,CHE,SG.LAW.INDX,2022,88.125
901,SYR,SG.LAW.INDX,2022,40.0
902,TJK,SG.LAW.INDX,2022,78.75
903,TZA,SG.LAW.INDX,2022,81.25
904,THA,SG.LAW.INDX,2022,78.125
905,TLS,SG.LAW.INDX,2022,86.25
906,TGO,SG.LAW.INDX,2022,81.875
907,TON,SG.LAW.INDX,2022,58.75
908,TTO,SG.LAW.INDX,2022,75.0
909,TUN,SG.LAW.INDX,2022,64.375
910,TUR,SG.LAW.INDX,2022,82.5
911,UGA,SG.LAW.INDX,2022,81.25
912,UKR,SG.LAW.INDX,2022,85.0
913,ARE,SG.LAW.INDX,2022,82.5
914,GBR,SG.LAW.INDX,2022,97.5
915,USA,SG.LAW.INDX,2022,91.25
916,URY,SG.LAW.INDX,2022,88.75
917,UZB,SG.LAW.INDX,2022,70.625
918,VUT,SG.LAW.INDX,2022,55.625
919,VEN,SG.LAW.INDX,2022,85.0
920,VNM,SG.LAW.INDX,2022,88.125
921,PSE,SG.LAW.INDX,2022,26.25
922,YEM,SG.LAW.INDX,2022,26.875
923,ZMB,SG.LAW.INDX,2022,81.25
924,ZWE,SG.LAW.INDX,2022,86.875
925,EAS,SG.LAW.INDX,2022,72.525
926,ECS,SG.LAW.INDX,2022,84.6195652173913
927,HIC,SG.LAW.INDX,2022,86.9809322033898
928,LCN,SG.LAW.INDX,2022,80.6640625
929,LIC,SG.LAW.INDX,2022,65.9
930,LMC,SG.LAW.INDX,2022,71.1226851851852
931,MEA,SG.LAW.INDX,2022,53.1875
932,NAC,SG.LAW.INDX,2022,95.625
933,SAS,SG.LAW.INDX,2022,63.671875
934,SSF,SG.LAW.INDX,2022,72.8515625
935,UMC,SG.LAW.INDX,2022,77.4019607843137
936,WLD,SG.LAW.INDX,2022,77.1184210526316
937,BEN,SG.DMK.SRCR.FN.ZS,2022,31.6
938,KHM,SG.DMK.SRCR.FN.ZS,2022,80.3
939,KEN,SG.DMK.SRCR.FN.ZS,2022,64.8
940,NPL,SG.DMK.SRCR.FN.ZS,2022,62.6
941,PHL,SG.DMK.SRCR.FN.ZS,2022,82.3
942,TZA,SG.DMK.SRCR.FN.ZS,2022,49.6
943,UZB,SG.DMK.SRCR.FN.ZS,2022,70.4
944,KHM,SG.DMK.ALLD.FN.ZS,2022,87.8
945,GHA,SG.DMK.ALLD.FN.ZS,2022,55.6
946,KEN,SG.DMK.ALLD.FN.ZS,2022,66.2
947,NPL,SG.DMK.ALLD.FN.ZS,2022,47.8
948,PHL,SG.DMK.ALLD.FN.ZS,2022,84.8
949,TZA,SG.DMK.ALLD.FN.ZS,2022,54.6
950,KHM,SG.VAW.REAS.ZS,2022,37.1
951,GHA,SG.VAW.REAS.ZS,2022,19.3
952,KEN,SG.VAW.REAS.ZS,2022,32.4
953,NPL,SG.VAW.REAS.ZS,2022,18.6
954,PHL,SG.VAW.REAS.ZS,2022,9.1
955,TZA,SG.VAW.REAS.ZS,2022,47.8
956,KHM,SG.VAW.ARGU.ZS,2022,15.5
957,GHA,SG.VAW.ARGU.ZS,2022,9.3
958,KEN,SG.VAW.ARGU.ZS,2022,17.5
959,NPL,SG.VAW.ARGU.ZS,2022,4.7
960,PHL,SG.VAW.ARGU.ZS,2022,2.2
961,TZA,SG.VAW.ARGU.ZS,2022,34.0
962,KHM,SG.VAW.BURN.ZS,2022,7.8
963,GHA,SG.VAW.BURN.ZS,2022,3.7
964,KEN,SG.VAW.BURN.ZS,2022,6.4
965,NPL,SG.VAW.BURN.ZS,2022,1.2
966,PHL,SG.VAW.BURN.ZS,2022,1.0
967,TZA,SG.VAW.BURN.ZS,2022,12.0
968,KHM,SG.VAW.GOES.ZS,2022,20.3
969,GHA,SG.VAW.GOES.ZS,2022,9.8
970,KEN,SG.VAW.GOES.ZS,2022,13.5
971,NPL,SG.VAW.GOES.ZS,2022,5.6
972,PHL,SG.VAW.GOES.ZS,2022,1.9
973,TZA,SG.VAW.GOES.ZS,2022,30.9
974,KHM,SG.VAW.NEGL.ZS,2022,31.1
975,GHA,SG.VAW.NEGL.ZS,2022,12.8
976,KEN,SG.VAW.NEGL.ZS,2022,23.5
977,NPL,SG.VAW.NEGL.ZS,2022,15.3
978,PHL,SG.VAW.NEGL.ZS,2022,6.7
979,TZA,SG.VAW.NEGL.ZS,2022,38.2
980,KHM,SG.VAW.REFU.ZS,2022,8.5
981,GHA,SG.VAW.REFU.ZS,2022,7.1
982,KEN,SG.VAW.REFU.ZS,2022,12.7
983,NPL,SG.VAW.REFU.ZS,2022,1.6
984,PHL,SG.VAW.REFU.ZS,2022,1.1
985,TZA,SG.VAW.REFU.ZS,2022,23.7
986,ALB,SG.GEN.PARL.ZS,2023,35.7142857142857
987,DZA,SG.GEN.PARL.ZS,2023,7.86240786240786
988,AND,SG.GEN.PARL.ZS,2023,50.0
989,AGO,SG.GEN.PARL.ZS,2023,33.6363636363636
990,ATG,SG.GEN.PARL.ZS,2023,5.55555555555556
991,ARG,SG.GEN.PARL.ZS,2023,43.1906614785992
992,ARM,SG.GEN.PARL.ZS,2023,35.5140186915888
993,AUS,SG.GEN.PARL.ZS,2023,38.4105960264901
994,AUT,SG.GEN.PARL.ZS,2023,40.9836065573771
995,AZE,SG.GEN.PARL.ZS,2023,18.6440677966102
996,BHS,SG.GEN.PARL.ZS,2023,17.9487179487179
997,BHR,SG.GEN.PARL.ZS,2023,20.0
998,BGD,SG.GEN.PARL.ZS,2023,20.8571428571429
999,BRB,SG.GEN.PARL.ZS,2023,26.6666666666667
1000,BLR,SG.GEN.PARL.ZS,2023,40.0
1001,BEL,SG.GEN.PARL.ZS,2023,42.6666666666667
1002,BLZ,SG.GEN.PARL.ZS,2023,15.625
1003,BEN,SG.GEN.PARL.ZS,2023,26.605504587156
1004,BTN,SG.GEN.PARL.ZS,2023,17.3913043478261
1005,BOL,SG.GEN.PARL.ZS,2023,46.1538461538462
1006,BIH,SG.GEN.PARL.ZS,2023,19.0476190476191
1007,BWA,SG.GEN.PARL.ZS,2023,11.1111111111111
1008,BRA,SG.GEN.PARL.ZS,2023,17.5438596491228
1009,BRN,SG.GEN.PARL.ZS,2023,11.7647058823529
1010,BGR,SG.GEN.PARL.ZS,2023,24.1666666666667
1011,BFA,SG.GEN.PARL.ZS,2023,16.9014084507042
1012,BDI,SG.GEN.PARL.ZS,2023,38.2113821138211
1013,CPV,SG.GEN.PARL.ZS,2023,41.6666666666667
1014,KHM,SG.GEN.PARL.ZS,2023,13.6
1015,CMR,SG.GEN.PARL.ZS,2023,33.8888888888889
1016,CAN,SG.GEN.PARL.ZS,2023,30.6547619047619
1017,CAF,SG.GEN.PARL.ZS,2023,12.8571428571429
1018,TCD,SG.GEN.PARL.ZS,2023,25.8883248730965
1019,CHL,SG.GEN.PARL.ZS,2023,35.4838709677419
1020,CHN,SG.GEN.PARL.ZS,2023,26.5367819952973
1021,COL,SG.GEN.PARL.ZS,2023,28.8770053475936
1022,COM,SG.GEN.PARL.ZS,2023,16.6666666666667
1023,COD,SG.GEN.PARL.ZS,2023,12.8
1024,COG,SG.GEN.PARL.ZS,2023,14.5695364238411
1025,CRI,SG.GEN.PARL.ZS,2023,47.3684210526316
1026,CIV,SG.GEN.PARL.ZS,2023,13.7254901960784
1027,HRV,SG.GEN.PARL.ZS,2023,31.7880794701987
1028,CUB,SG.GEN.PARL.ZS,2023,55.7446808510638
1029,CYP,SG.GEN.PARL.ZS,2023,14.2857142857143
1030,CZE,SG.GEN.PARL.ZS,2023,26.0
1031,DNK,SG.GEN.PARL.ZS,2023,43.5754189944134
1032,DJI,SG.GEN.PARL.ZS,2023,26.1538461538462
1033,DMA,SG.GEN.PARL.ZS,2023,37.5
1034,DOM,SG.GEN.PARL.ZS,2023,27.8947368421053
1035,ECU,SG.GEN.PARL.ZS,2023,43.0656934306569
1036,EGY,SG.GEN.PARL.ZS,2023,27.5337837837838
1037,SLV,SG.GEN.PARL.ZS,2023,27.3809523809524
1038,GNQ,SG.GEN.PARL.ZS,2023,31.0
1039,EST,SG.GEN.PARL.ZS,2023,28.7128712871287
1040,SWZ,SG.GEN.PARL.ZS,2023,17.1428571428571
1041,ETH,SG.GEN.PARL.ZS,2023,41.3135593220339
1042,FJI,SG.GEN.PARL.ZS,2023,10.9090909090909
1043,FIN,SG.GEN.PARL.ZS,2023,46.0
1044,FRA,SG.GEN.PARL.ZS,2023,37.7816291161178
1045,GAB,SG.GEN.PARL.ZS,2023,24.4897959183673
1046,GMB,SG.GEN.PARL.ZS,2023,8.62068965517241
1047,GEO,SG.GEN.PARL.ZS,2023,18.4397163120567
1048,DEU,SG.GEN.PARL.ZS,2023,35.1902173913043
1049,GHA,SG.GEN.PARL.ZS,2023,14.5454545454545
1050,GRC,SG.GEN.PARL.ZS,2023,23.0
1051,GRD,SG.GEN.PARL.ZS,2023,31.25
1052,GTM,SG.GEN.PARL.ZS,2023,20.0
1053,GIN,SG.GEN.PARL.ZS,2023,29.6296296296296
1054,GNB,SG.GEN.PARL.ZS,2023,9.80392156862745
1055,GUY,SG.GEN.PARL.ZS,2023,36.6197183098592
1056,HND,SG.GEN.PARL.ZS,2023,27.34375
1057,HUN,SG.GEN.PARL.ZS,2023,14.070351758794
1058,ISL,SG.GEN.PARL.ZS,2023,47.6190476190476
1059,IND,SG.GEN.PARL.ZS,2023,15.2416356877323
1060,IDN,SG.GEN.PARL.ZS,2023,21.5652173913044
1061,IRN,SG.GEN.PARL.ZS,2023,5.59440559440559
1062,IRQ,SG.GEN.PARL.ZS,2023,29.0519877675841
1063,IRL,SG.GEN.PARL.ZS,2023,23.125
1064,ISR,SG.GEN.PARL.ZS,2023,24.1666666666667
1065,ITA,SG.GEN.PARL.ZS,2023,32.25
1066,JAM,SG.GEN.PARL.ZS,2023,28.5714285714286
1067,JPN,SG.GEN.PARL.ZS,2023,10.3448275862069
1068,JOR,SG.GEN.PARL.ZS,2023,12.3076923076923
1069,KAZ,SG.GEN.PARL.ZS,2023,18.3673469387755
1070,KEN,SG.GEN.PARL.ZS,2023,23.2758620689655
1071,KIR,SG.GEN.PARL.ZS,2023,6.66666666666667
1072,PRK,SG.GEN.PARL.ZS,2023,17.6128093158661
1073,KOR,SG.GEN.PARL.ZS,2023,19.0635451505017
1074,KWT,SG.GEN.PARL.ZS,2023,3.07692307692308
1075,KGZ,SG.GEN.PARL.ZS,2023,20.0
1076,LAO,SG.GEN.PARL.ZS,2023,21.9512195121951
1077,LVA,SG.GEN.PARL.ZS,2023,32.0
1078,LBN,SG.GEN.PARL.ZS,2023,6.25
1079,LSO,SG.GEN.PARL.ZS,2023,26.4462809917355
1080,LBR,SG.GEN.PARL.ZS,2023,10.958904109589
1081,LBY,SG.GEN.PARL.ZS,2023,16.4705882352941
1082,LIE,SG.GEN.PARL.ZS,2023,28.0
1083,LTU,SG.GEN.PARL.ZS,2023,28.3687943262411
1084,LUX,SG.GEN.PARL.ZS,2023,33.3333333333333
1085,MDG,SG.GEN.PARL.ZS,2023,18.5430463576159
1086,MWI,SG.GEN.PARL.ZS,2023,20.7253886010363
1087,MYS,SG.GEN.PARL.ZS,2023,13.5135135135135
1088,MDV,SG.GEN.PARL.ZS,2023,4.59770114942529
1089,MLI,SG.GEN.PARL.ZS,2023,28.5714285714286
1090,MLT,SG.GEN.PARL.ZS,2023,27.8481012658228
1091,MHL,SG.GEN.PARL.ZS,2023,12.1212121212121
1092,MRT,SG.GEN.PARL.ZS,2023,23.2954545454545
1093,MUS,SG.GEN.PARL.ZS,2023,20.0
1094,MEX,SG.GEN.PARL.ZS,2023,50.0
1095,FSM,SG.GEN.PARL.ZS,2023,14.2857142857143
1096,MDA,SG.GEN.PARL.ZS,2023,38.6138613861386
1097,MCO,SG.GEN.PARL.ZS,2023,45.8333333333333
1098,MNG,SG.GEN.PARL.ZS,2023,17.1052631578947
1099,MNE,SG.GEN.PARL.ZS,2023,20.9876543209877
1100,MAR,SG.GEN.PARL.ZS,2023,24.3037974683544
1101,MOZ,SG.GEN.PARL.ZS,2023,43.2
1102,NAM,SG.GEN.PARL.ZS,2023,44.2307692307692
1103,NRU,SG.GEN.PARL.ZS,2023,10.5263157894737
1104,NPL,SG.GEN.PARL.ZS,2023,33.0882352941176
1105,NLD,SG.GEN.PARL.ZS,2023,40.0
1106,NZL,SG.GEN.PARL.ZS,2023,44.2622950819672
1107,NIC,SG.GEN.PARL.ZS,2023,51.6483516483517
1108,NGA,SG.GEN.PARL.ZS,2023,3.91061452513966
1109,MKD,SG.GEN.PARL.ZS,2023,42.5
1110,NOR,SG.GEN.PARL.ZS,2023,46.1538461538462
1111,OMN,SG.GEN.PARL.ZS,2023,0.0
1112,PAK,SG.GEN.PARL.ZS,2023,20.4678362573099
1113,PLW,SG.GEN.PARL.ZS,2023,6.25
1114,PAN,SG.GEN.PARL.ZS,2023,22.5352112676056
1115,PNG,SG.GEN.PARL.ZS,2023,2.7027027027027
1116,PRY,SG.GEN.PARL.ZS,2023,22.5
1117,PER,SG.GEN.PARL.ZS,2023,38.7596899224806
1118,PHL,SG.GEN.PARL.ZS,2023,27.3311897106109
1119,POL,SG.GEN.PARL.ZS,2023,29.3478260869565
1120,PRT,SG.GEN.PARL.ZS,2023,36.0869565217391
1121,QAT,SG.GEN.PARL.ZS,2023,4.44444444444444
1122,ROU,SG.GEN.PARL.ZS,2023,19.0909090909091
1123,RUS,SG.GEN.PARL.ZS,2023,16.4444444444445
1124,RWA,SG.GEN.PARL.ZS,2023,61.25
1125,WSM,SG.GEN.PARL.ZS,2023,12.962962962963
1126,SMR,SG.GEN.PARL.ZS,2023,33.3333333333333
1127,STP,SG.GEN.PARL.ZS,2023,14.5454545454545
1128,SAU,SG.GEN.PARL.ZS,2023,19.8675496688742
1129,SEN,SG.GEN.PARL.ZS,2023,46.0606060606061
1130,SRB,SG.GEN.PARL.ZS,2023,34.8
1131,SYC,SG.GEN.PARL.ZS,2023,22.8571428571429
1132,SLE,SG.GEN.PARL.ZS,2023,28.1879194630873
1133,SGP,SG.GEN.PARL.ZS,2023,29.126213592233
1134,SVK,SG.GEN.PARL.ZS,2023,22.0
1135,SVN,SG.GEN.PARL.ZS,2023,37.7777777777778
1136,SLB,SG.GEN.PARL.ZS,2023,8.0
1137,SOM,SG.GEN.PARL.ZS,2023,19.7080291970803
1138,ZAF,SG.GEN.PARL.ZS,2023,45.8646616541353
1139,SSD,SG.GEN.PARL.ZS,2023,32.3636363636364
1140,ESP,SG.GEN.PARL.ZS,2023,44.2857142857143
1141,LKA,SG.GEN.PARL.ZS,2023,5.33333333333333
1142,KNA,SG.GEN.PARL.ZS,2023,31.25
1143,LCA,SG.GEN.PARL.ZS,2023,11.1111111111111
1144,VCT,SG.GEN.PARL.ZS,2023,18.1818181818182
1145,SUR,SG.GEN.PARL.ZS,2023,29.4117647058824
1146,SWE,SG.GEN.PARL.ZS,2023,46.4183381088825
1147,CHE,SG.GEN.PARL.ZS,2023,38.5
1148,SYR,SG.GEN.PARL.ZS,2023,10.8
1149,TJK,SG.GEN.PARL.ZS,2023,26.984126984127
1150,TZA,SG.GEN.PARL.ZS,2023,37.4045801526718
1151,THA,SG.GEN.PARL.ZS,2023,18.8376753507014
1152,TLS,SG.GEN.PARL.ZS,2023,36.9230769230769
1153,TGO,SG.GEN.PARL.ZS,2023,19.7802197802198
1154,TON,SG.GEN.PARL.ZS,2023,7.14285714285714
1155,TTO,SG.GEN.PARL.ZS,2023,28.5714285714286
1156,TUN,SG.GEN.PARL.ZS,2023,16.2337662337662
1157,TUR,SG.GEN.PARL.ZS,2023,19.8333333333333
1158,TKM,SG.GEN.PARL.ZS,2023,25.6
1159,TUV,SG.GEN.PARL.ZS,2023,6.25
1160,UGA,SG.GEN.PARL.ZS,2023,33.8129496402878
1161,UKR,SG.GEN.PARL.ZS,2023,20.4326923076923
1162,ARE,SG.GEN.PARL.ZS,2023,50.0
1163,GBR,SG.GEN.PARL.ZS,2023,34.6153846153846
1164,USA,SG.GEN.PARL.ZS,2023,28.9655172413793
1165,URY,SG.GEN.PARL.ZS,2023,26.2626262626263
1166,UZB,SG.GEN.PARL.ZS,2023,33.5714285714286
1167,VUT,SG.GEN.PARL.ZS,2023,1.92307692307692
1168,VNM,SG.GEN.PARL.ZS,2023,30.2605210420842
1169,YEM,SG.GEN.PARL.ZS,2023,0.0
1170,ZMB,SG.GEN.PARL.ZS,2023,14.9700598802395
1171,ZWE,SG.GEN.PARL.ZS,2023,30.6818181818182
1172,AFE,SG.GEN.PARL.ZS,2023,30.518059102517334
1173,AFW,SG.GEN.PARL.ZS,2023,20.767716535433074
1174,ARB,SG.GEN.PARL.ZS,2023,17.728237791932056
1175,CSS,SG.GEN.PARL.ZS,2023,26.086956521739147
1176,CEB,SG.GEN.PARL.ZS,2023,25.53191489361702
1177,EAR,SG.GEN.PARL.ZS,2023,25.13650913199021
1178,EAS,SG.GEN.PARL.ZS,2023,22.527332824815677
1179,EAP,SG.GEN.PARL.ZS,2023,22.799639531390824
1180,TEA,SG.GEN.PARL.ZS,2023,23.310023310023325
1181,EMU,SG.GEN.PARL.ZS,2023,34.53253895508706
1182,ECS,SG.GEN.PARL.ZS,2023,31.117994931005338
1183,ECA,SG.GEN.PARL.ZS,2023,26.1852662290299
1184,TEC,SG.GEN.PARL.ZS,2023,25.06288589069289
1185,EUU,SG.GEN.PARL.ZS,2023,32.95364657490902
1186,FCS,SG.GEN.PARL.ZS,2023,21.875000000000014
1187,HPC,SG.GEN.PARL.ZS,2023,27.29516288252716
1188,HIC,SG.GEN.PARL.ZS,2023,30.25414563806777
1189,IBD,SG.GEN.PARL.ZS,2023,25.719161384690402
1190,IBT,SG.GEN.PARL.ZS,2023,24.84888449280141
1191,IDB,SG.GEN.PARL.ZS,2023,21.22905027932961
1192,IDX,SG.GEN.PARL.ZS,2023,24.164914739546848
1193,IDA,SG.GEN.PARL.ZS,2023,23.537514923317115
1194,LTE,SG.GEN.PARL.ZS,2023,23.63738527814198
1195,LCN,SG.GEN.PARL.ZS,2023,35.699588477366255
1196,LAC,SG.GEN.PARL.ZS,2023,36.8090827606812
1197,TLA,SG.GEN.PARL.ZS,2023,33.116306599585684
1198,LDC,SG.GEN.PARL.ZS,2023,26.65718349928877
1199,LMY,SG.GEN.PARL.ZS,2023,25.248561959544404
1200,LIC,SG.GEN.PARL.ZS,2023,24.351558126516156
1201,LMC,SG.GEN.PARL.ZS,2023,23.189879137015694
1202,MEA,SG.GEN.PARL.ZS,2023,16.82984916644615
1203,MNA,SG.GEN.PARL.ZS,2023,16.608447126071766
1204,TMN,SG.GEN.PARL.ZS,2023,16.608447126071766
1205,MIC,SG.GEN.PARL.ZS,2023,25.47865211564235
1206,NAC,SG.GEN.PARL.ZS,2023,29.701686121919575
1207,OED,SG.GEN.PARL.ZS,2023,32.828637320766056
1208,OSS,SG.GEN.PARL.ZS,2023,24.20670897552131
1209,PSS,SG.GEN.PARL.ZS,2023,8.638743455497385
1210,PST,SG.GEN.PARL.ZS,2023,33.52266399376322
1211,PRE,SG.GEN.PARL.ZS,2023,25.148279952550425
1212,SST,SG.GEN.PARL.ZS,2023,21.31147540983607
1213,SAS,SG.GEN.PARL.ZS,2023,18.225806451612883
1214,TSA,SG.GEN.PARL.ZS,2023,18.225806451612883
1215,SSF,SG.GEN.PARL.ZS,2023,27.033997655334122
1216,SSA,SG.GEN.PARL.ZS,2023,27.05120659211301
1217,TSS,SG.GEN.PARL.ZS,2023,27.033997655334122
1218,UMC,SG.GEN.PARL.ZS,2023,27.161724395713936
1219,WLD,SG.GEN.PARL.ZS,2023,26.73574852063084
1220,AFG,SG.LAW.INDX,2023,31.875
1221,ALB,SG.LAW.INDX,2023,91.25
1222,DZA,SG.LAW.INDX,2023,57.5
1223,AGO,SG.LAW.INDX,2023,79.375
1224,ATG,SG.LAW.INDX,2023,68.75
1225,ARG,SG.LAW.INDX,2023,79.375
1226,ARM,SG.LAW.INDX,2023,90.625
1227,AUS,SG.LAW.INDX,2023,96.875
1228,AUT,SG.LAW.INDX,2023,96.875
1229,AZE,SG.LAW.INDX,2023,85.0
1230,BHS,SG.LAW.INDX,2023,81.25
1231,BHR,SG.LAW.INDX,2023,68.125
1232,BGD,SG.LAW.INDX,2023,49.375
1233,BRB,SG.LAW.INDX,2023,80.0
1234,BLR,SG.LAW.INDX,2023,75.625
1235,BEL,SG.LAW.INDX,2023,100.0
1236,BLZ,SG.LAW.INDX,2023,82.5
1237,BEN,SG.LAW.INDX,2023,83.75
1238,BTN,SG.LAW.INDX,2023,75.0
1239,BOL,SG.LAW.INDX,2023,88.75
1240,BIH,SG.LAW.INDX,2023,85.0
1241,BWA,SG.LAW.INDX,2023,63.75
1242,BRA,SG.LAW.INDX,2023,85.0
1243,BRN,SG.LAW.INDX,2023,53.125
1244,BGR,SG.LAW.INDX,2023,90.625
1245,BFA,SG.LAW.INDX,2023,82.5
1246,BDI,SG.LAW.INDX,2023,76.25
1247,CPV,SG.LAW.INDX,2023,86.25
1248,KHM,SG.LAW.INDX,2023,81.25
1249,CMR,SG.LAW.INDX,2023,60.0
1250,CAN,SG.LAW.INDX,2023,100.0
1251,CAF,SG.LAW.INDX,2023,77.5
1252,TCD,SG.LAW.INDX,2023,66.25
1253,CHL,SG.LAW.INDX,2023,80.0
1254,CHN,SG.LAW.INDX,2023,78.125
1255,COL,SG.LAW.INDX,2023,84.375
1256,COM,SG.LAW.INDX,2023,65.0
1257,COD,SG.LAW.INDX,2023,78.75
1258,COG,SG.LAW.INDX,2023,58.125
1259,CRI,SG.LAW.INDX,2023,91.875
1260,CIV,SG.LAW.INDX,2023,95.0
1261,HRV,SG.LAW.INDX,2023,93.75
1262,CYP,SG.LAW.INDX,2023,96.875
1263,CZE,SG.LAW.INDX,2023,93.75
1264,DNK,SG.LAW.INDX,2023,100.0
1265,DJI,SG.LAW.INDX,2023,71.25
1266,DMA,SG.LAW.INDX,2023,62.5
1267,DOM,SG.LAW.INDX,2023,86.25
1268,ECU,SG.LAW.INDX,2023,89.375
1269,EGY,SG.LAW.INDX,2023,50.625
1270,SLV,SG.LAW.INDX,2023,88.75
1271,GNQ,SG.LAW.INDX,2023,58.125
1272,ERI,SG.LAW.INDX,2023,69.375
1273,EST,SG.LAW.INDX,2023,97.5
1274,SWZ,SG.LAW.INDX,2023,46.25
1275,ETH,SG.LAW.INDX,2023,80.0
1276,FJI,SG.LAW.INDX,2023,82.5
1277,FIN,SG.LAW.INDX,2023,97.5
1278,FRA,SG.LAW.INDX,2023,100.0
1279,GAB,SG.LAW.INDX,2023,95.0
1280,GMB,SG.LAW.INDX,2023,69.375
1281,GEO,SG.LAW.INDX,2023,88.125
1282,DEU,SG.LAW.INDX,2023,100.0
1283,GHA,SG.LAW.INDX,2023,75.0
1284,GRC,SG.LAW.INDX,2023,100.0
1285,GRD,SG.LAW.INDX,2023,80.625
1286,GTM,SG.LAW.INDX,2023,73.75
1287,GIN,SG.LAW.INDX,2023,73.75
1288,GNB,SG.LAW.INDX,2023,51.875
1289,GUY,SG.LAW.INDX,2023,86.875
1290,HTI,SG.LAW.INDX,2023,61.25
1291,HND,SG.LAW.INDX,2023,75.0
1292,HKG,SG.LAW.INDX,2023,91.875
1293,HUN,SG.LAW.INDX,2023,93.75
1294,ISL,SG.LAW.INDX,2023,100.0
1295,IND,SG.LAW.INDX,2023,74.375
1296,IDN,SG.LAW.INDX,2023,70.625
1297,IRN,SG.LAW.INDX,2023,31.25
1298,IRQ,SG.LAW.INDX,2023,48.125
1299,IRL,SG.LAW.INDX,2023,100.0
1300,ISR,SG.LAW.INDX,2023,80.625
1301,ITA,SG.LAW.INDX,2023,97.5
1302,JAM,SG.LAW.INDX,2023,74.375
1303,JPN,SG.LAW.INDX,2023,78.75
1304,JOR,SG.LAW.INDX,2023,59.375
1305,KAZ,SG.LAW.INDX,2023,75.625
1306,KEN,SG.LAW.INDX,2023,83.75
1307,KIR,SG.LAW.INDX,2023,76.25
1308,KOR,SG.LAW.INDX,2023,88.125
1309,XKX,SG.LAW.INDX,2023,91.875
1310,KWT,SG.LAW.INDX,2023,38.125
1311,KGZ,SG.LAW.INDX,2023,76.875
1312,LAO,SG.LAW.INDX,2023,85.625
1313,LVA,SG.LAW.INDX,2023,100.0
1314,LBN,SG.LAW.INDX,2023,58.75
1315,LSO,SG.LAW.INDX,2023,80.625
1316,LBR,SG.LAW.INDX,2023,81.25
1317,LBY,SG.LAW.INDX,2023,50.0
1318,LTU,SG.LAW.INDX,2023,93.75
1319,LUX,SG.LAW.INDX,2023,100.0
1320,MDG,SG.LAW.INDX,2023,69.375
1321,MWI,SG.LAW.INDX,2023,80.0
1322,MYS,SG.LAW.INDX,2023,60.625
1323,MDV,SG.LAW.INDX,2023,73.75
1324,MLI,SG.LAW.INDX,2023,63.75
1325,MLT,SG.LAW.INDX,2023,91.25
1326,MHL,SG.LAW.INDX,2023,65.625
1327,MRT,SG.LAW.INDX,2023,48.125
1328,MUS,SG.LAW.INDX,2023,89.375
1329,MEX,SG.LAW.INDX,2023,88.75
1330,FSM,SG.LAW.INDX,2023,61.25
1331,MDA,SG.LAW.INDX,2023,90.625
1332,MNG,SG.LAW.INDX,2023,90.625
1333,MNE,SG.LAW.INDX,2023,85.0
1334,MAR,SG.LAW.INDX,2023,75.625
1335,MOZ,SG.LAW.INDX,2023,82.5
1336,MMR,SG.LAW.INDX,2023,58.75
1337,NAM,SG.LAW.INDX,2023,80.0
1338,NPL,SG.LAW.INDX,2023,80.625
1339,NLD,SG.LAW.INDX,2023,100.0
1340,NZL,SG.LAW.INDX,2023,97.5
1341,NIC,SG.LAW.INDX,2023,86.25
1342,NER,SG.LAW.INDX,2023,53.75
1343,NGA,SG.LAW.INDX,2023,66.25
1344,MKD,SG.LAW.INDX,2023,85.0
1345,NOR,SG.LAW.INDX,2023,96.875
1346,OMN,SG.LAW.INDX,2023,46.25
1347,PAK,SG.LAW.INDX,2023,58.75
1348,PLW,SG.LAW.INDX,2023,56.25
1349,PAN,SG.LAW.INDX,2023,79.375
1350,PNG,SG.LAW.INDX,2023,60.0
1351,PRY,SG.LAW.INDX,2023,94.375
1352,PER,SG.LAW.INDX,2023,95.0
1353,PHL,SG.LAW.INDX,2023,78.75
1354,POL,SG.LAW.INDX,2023,93.75
1355,PRT,SG.LAW.INDX,2023,100.0
1356,PRI,SG.LAW.INDX,2023,83.75
1357,QAT,SG.LAW.INDX,2023,35.625
1358,ROU,SG.LAW.INDX,2023,90.625
1359,RUS,SG.LAW.INDX,2023,73.125
1360,RWA,SG.LAW.INDX,2023,91.875
1361,WSM,SG.LAW.INDX,2023,75.0
1362,SMR,SG.LAW.INDX,2023,85.0
1363,STP,SG.LAW.INDX,2023,83.125
1364,SAU,SG.LAW.INDX,2023,71.25
1365,SEN,SG.LAW.INDX,2023,72.5
1366,SRB,SG.LAW.INDX,2023,93.75
1367,SYC,SG.LAW.INDX,2023,76.25
1368,SLE,SG.LAW.INDX,2023,92.5
1369,SGP,SG.LAW.INDX,2023,82.5
1370,SVK,SG.LAW.INDX,2023,87.5
1371,SVN,SG.LAW.INDX,2023,96.875
1372,SLB,SG.LAW.INDX,2023,56.875
1373,SOM,SG.LAW.INDX,2023,46.875
1374,ZAF,SG.LAW.INDX,2023,88.125
1375,SSD,SG.LAW.INDX,2023,67.5
1376,ESP,SG.LAW.INDX,2023,100.0
1377,LKA,SG.LAW.INDX,2023,65.625
1378,KNA,SG.LAW.INDX,2023,71.25
1379,LCA,SG.LAW.INDX,2023,83.75
1380,VCT,SG.LAW.INDX,2023,68.125
1381,SDN,SG.LAW.INDX,2023,32.5
1382,SUR,SG.LAW.INDX,2023,76.875
1383,SWE,SG.LAW.INDX,2023,100.0
1384,CHE,SG.LAW.INDX,2023,88.125
1385,SYR,SG.LAW.INDX,2023,40.0
1386,TJK,SG.LAW.INDX,2023,78.75
1387,TZA,SG.LAW.INDX,2023,81.25
1388,THA,SG.LAW.INDX,2023,78.125
1389,TLS,SG.LAW.INDX,2023,86.25
1390,TGO,SG.LAW.INDX,2023,97.5
1391,TON,SG.LAW.INDX,2023,58.75
1392,TTO,SG.LAW.INDX,2023,75.0
1393,TUN,SG.LAW.INDX,2023,64.375
1394,TUR,SG.LAW.INDX,2023,82.5
1395,UGA,SG.LAW.INDX,2023,83.75
1396,UKR,SG.LAW.INDX,2023,85.0
1397,ARE,SG.LAW.INDX,2023,82.5
1398,GBR,SG.LAW.INDX,2023,97.5
1399,USA,SG.LAW.INDX,2023,91.25
1400,URY,SG.LAW.INDX,2023,88.75
1401,UZB,SG.LAW.INDX,2023,82.5
1402,VUT,SG.LAW.INDX,2023,55.625
1403,VEN,SG.LAW.INDX,2023,85.0
1404,VNM,SG.LAW.INDX,2023,88.125
1405,PSE,SG.LAW.INDX,2023,26.25
1406,YEM,SG.LAW.INDX,2023,26.875
1407,ZMB,SG.LAW.INDX,2023,81.25
1408,ZWE,SG.LAW.INDX,2023,86.875
1409,EAS,SG.LAW.INDX,2023,72.95
1410,ECS,SG.LAW.INDX,2023,85.7880434782609
1411,HIC,SG.LAW.INDX,2023,87.3516949152542
1412,LCN,SG.LAW.INDX,2023,81.15234375
1413,LIC,SG.LAW.INDX,2023,67.75
1414,LMC,SG.LAW.INDX,2023,71.6203703703704
1415,MEA,SG.LAW.INDX,2023,54.65625
1416,SAS,SG.LAW.INDX,2023,63.671875
1417,SSF,SG.LAW.INDX,2023,73.9973958333333
1418,UMC,SG.LAW.INDX,2023,78.2843137254902
1419,WLD,SG.LAW.INDX,2023,77.8552631578947
1420,JOR,SG.DMK.ALLD.FN.ZS,2023,78.3
1421,MOZ,SG.DMK.ALLD.FN.ZS,2023,51.2
1422,JOR,SG.VAW.REAS.ZS,2023,10.6
1423,MOZ,SG.VAW.REAS.ZS,2023,18.7
1424,JOR,SG.VAW.ARGU.ZS,2023,5.7
1425,MOZ,SG.VAW.ARGU.ZS,2023,11.5
1426,JOR,SG.VAW.BURN.ZS,2023,2.1
1427,MOZ,SG.VAW.BURN.ZS,2023,7.0
1428,JOR,SG.VAW.GOES.ZS,2023,5.2
1429,MOZ,SG.VAW.GOES.ZS,2023,10.8
1430,JOR,SG.VAW.NEGL.ZS,2023,6.1
1431,MOZ,SG.VAW.NEGL.ZS,2023,9.5
1432,MOZ,SG.VAW.REFU.ZS,2023,12.1
